Case_ID,Patient_Age,Patient_Condition,Required_Surgery,Urgency_Level,Days_On_Waitlist,Preferred_Surgeon_Available,Recommended_Surgeon_Experience_Level,Surgeon_Availability_Reason,Risk_If_Delayed,Patient_Reason_For_Urgency,Hospital_Suggestion,Estimated_Time_Reduction_If_Accept_Junior_Surgeon(days),Decision_Point
1,62,Severe Coronary Artery Disease,Coronary Artery Bypass Graft (CABG),High,45,No,Senior (15+ years),Fully booked for elective surgeries,High risk of heart attack,Severe chest pain, inability to work,Consider experienced mid-level surgeon (8 years) in same department,30,Accepted expedited option
2,45,Symptomatic Gallstones,Laparoscopic Cholecystectomy,Medium,28,Yes,Senior (20+ years),Available in 10 days,Recurrent painful attacks, biliary pancreatitis,Planning pregnancy, wants to resolve before,Wait for preferred expert,0,Wait for expert
3,8,Congenital Strabismus,Strabismus Correction Surgery,Low,120,No,Senior (Pediatric Specialist),Only performs 2 such surgeries/month,Amblyopia (lazy eye) risk if not corrected by age 10,Child entering school, social concerns,Accept a qualified junior surgeon under supervision of senior,90,Under consideration
4,70,Advanced Osteoarthritis of Hip,Total Hip Replacement,Medium,180,No,Senior (Fellowship-trained),High demand, research commitments,Severe mobility loss, chronic pain,Can't enjoy retirement, dependent on family,Join waitlist for a newly joined surgeon with excellent training,120,Declined, waiting for senior
5,50,Diagnosed Breast Cancer (Early Stage),Lumpectomy with Sentinel Lymph Node Biopsy,High,14,Yes,Senior (Oncologic Surgeon),Available but OR time limited,Small risk of disease progression,Extreme anxiety, desire for quick treatment,Schedule with the requested senior, no faster alternative,0,Accepted original schedule
6,33,Symptomatic Herniated Disc,Microdiscectomy,Medium,60,No,Senior (Spine Specialist),On sabbatical for 3 months,Progressive leg weakness, numbness,Active athlete, career impacted,Consider a highly-rated mid-career surgeon,45,Accepted expedited option
7,58,Severe Cataracts,Bilateral Cataract Surgery,Low,90,Yes,Senior (15+ years),Routine schedule,Gradual vision loss, affecting driving and reading,Wants to regain independence for upcoming family event,Wait for preferred surgeon, slight delay possible,15,Wait for expert
8,41,Morbid Obesity (BMI 45),Bariatric Surgery (Gastric Sleeve),Medium,200,No,Senior (Bariatric Program Director),Limited slots for complex cases,Worsening diabetes, sleep apnea,Multiple comorbidities, quality of life severely low,Consider a surgeon from our affiliated clinic with good outcomes,80,Seeking second opinion
9,29,Chronic Tonsillitis with Abscess,Tonsillectomy,Medium,30,No,Senior (ENT),Emergency cases prioritized,Recurrent infections, antibiotic resistance,Frequent hospitalizations, job at risk,Junior surgeon available next week; procedure is standardized,24,Accepted expedited option
10,65,Localized Prostate Cancer,Radical Prostatectomy,High,75,Yes,Senior (Robotic Surgery Lead),Robot time and senior time need coordination,Low risk of progression in short term,Anxiety, desire for definitive treatment,Coordinating schedule is the main bottleneck; no junior alternative,0,Wait for expert
11,52,Severe Knee Osteoarthritis,Total Knee Replacement,Medium,150,No,Senior (Joint Replacement Specialist),Overbooked with revision surgeries,Increasing disability, pain,Wants to return to hiking and traveling,Consider a surgeon who recently completed fellowship, with senior oversight,100,Under consideration
12,47,Thyroid Nodule (Bethesda V),Total Thyroidectomy,High,20,Yes,Senior (Endocrine Surgeon),Available, awaiting final biopsy confirmation,Potential for malignancy,Family history of thyroid cancer, fear of spread,Schedule with requested senior as planned,0,Accepted original schedule
13,5,Cleft Palate,Cleft Palate Repair,Low,240,No,Senior (Craniofacial Surgeon),Only operates 1 day/week,Speech development delay,Parents anxious for child's social and speech development,Referral to a trusted colleague in another hospital with shorter wait,150,Accepted transfer to other hospital
14,71,Abdominal Aortic Aneurysm (5.5cm),Endovascular Aneurysm Repair (EVAR),High,5,Yes,Senior (Vascular Surgeon),Emergency/urgent list,High risk of rupture, life-threatening,Severe back pain, fear of rupture,Proceed on urgent list with available senior,0,Accepted original schedule
15,38,Chronic Sinusitis Refractory to Meds,Endoscopic Sinus Surgery,Low,60,No,Senior (Rhinologist),Focus on complex skull base cases,Chronic headaches, fatigue,Affecting job performance and quality of life,Junior ENT surgeon with good feedback available in 2 weeks,45,Accepted expedited option
16,66,Advanced Glaucoma,Trabeculectomy,Medium,90,No,Senior (Glaucoma Specialist),Teaching commitments, research,Progressive, irreversible vision loss,Wants to preserve remaining eyesight for reading,Wait for the specialist, no suitable junior alternative,0,Wait for expert
17,43,Severe GERD with Barrett's Esophagus,Nissen Fundoplication,Medium,120,No,Senior (Foregut Surgeon),Limited operating room slots,Small risk of progression to cancer,Fear of cancer, chronic discomfort,Consider a mid-career surgeon supervised by senior,85,Accepted expedited option
18,59,Localized Kidney Tumor,Partial Nephrectomy,High,30,Yes,Senior (Urologic Oncologist),Available but prefers specific OR team,Low risk of metastasis in short term,Psychological distress, desire to remove tumor,Wait for the preferred team,0,Wait for expert
19,22,Severe Impacted Wisdom Teeth,Multiple Wisdom Tooth Extractions,Low,45,No,Senior (Oral Surgeon),Prioritizes medically complex cases,Recurrent infections, damage to adjacent teeth,Pain, difficulty eating, preparing for overseas study,General dentist or junior oral surgeon can perform,30,Accepted expedited option
20,55,Carotid Artery Stenosis (70%),Carotid Endarterectomy,High,40,No,Senior (Vascular Surgeon),High volume of stroke cases,High risk of stroke,Previous TIA (mini-stroke), fear of major stroke,Consider an experienced vascular surgeon from partner hospital,25,Accepted expedited option
21,48,Chronic Shoulder Dislocation,Shoulder Stabilization Surgery,Medium,100,No,Senior (Shoulder Specialist),Sports season, high athlete demand,Unstable joint, limits all activities,Former athlete, wants to regain function,Newly hired surgeon with subspecialty training available,70,Under consideration
22,63,Benign Prostatic Hyperplasia with Obstruction,Transurethral Resection of Prostate (TURP),Medium,50,Yes,Senior (Urologist),Routine schedule,Urinary retention, kidney function risk,Severe urinary symptoms, affecting sleep and travel,Wait for preferred urologist,0,Wait for expert
23,30,Severe Crohn's Disease with Fistula,Fistula Surgery & Bowel Resection,High,35,No,Senior (Colorectal Surgeon),Complex case requires multidisciplinary planning,Abscess formation, sepsis,Chronic pain, malnutrition, unable to work,Expedite by involving senior in planning but junior in execution,20,Accepted expedited option
24,57,Macular Degeneration (Wet),Intravitreal Injections (series),Medium,14,No,Senior (Retina Specialist),High patient load, rapid vision loss if delayed,Prompt treatment crucial to preserve central vision,Wants to continue driving and reading,Shared care model with a trained junior specialist for some injections,7,Accepted expedited option
25,39,Rotator Cuff Tear (Full-thickness),Rotator Cuff Repair,Medium,85,No,Senior (Orthopedic Surgeon - Sports),Waiting for MRI review and surgery planning,Muscle atrophy, decreased chance of full recovery,Needs to return to manual labor job,Consider a surgeon specializing in shoulder at community hospital,50,Declined, seeking second opinion
26,72,Bladder Cancer (Non-invasive),Transurethral Resection of Bladder Tumor (TURBT),High,10,Yes,Senior (Urologic Oncologist),Available for quick procedure,Recurrence, progression,Blood in urine, anxiety,Proceed as scheduled with senior,0,Accepted original schedule
27,26,Chronic Appendicitis,Laparoscopic Appendectomy,Medium,25,No,Senior (General Surgeon),Busy with emergency surgeries,Risk of rupture, peritonitis,Recurrent right lower abdominal pain, impacting daily life,Junior surgeon on call can perform emergency if needed, otherwise wait,15,Wait, but will go to ER if worsens
28,68,Severe Spinal Stenosis,Lumbar Decompression Surgery,Medium,160,No,Senior (Spine Neurosurgeon),Booked for more urgent spine cases,Progressive leg weakness, possible permanent nerve damage,Can barely walk, dependent on family,Consider a highly experienced orthopedic spine surgeon (non-MD),110,Under consideration
29,44,Symptomatic Uterine Fibroids,Myomectomy or Hysterectomy,Medium,95,No,Senior (Gynecologic Surgeon),Focus on oncology cases,Heavy bleeding leading to anemia, fertility concerns,Desires future pregnancy, wants fibroids removed,Junior surgeon with fertility preservation expertise available,65,Accepted expedited option
30,61,Peripheral Arterial Disease (Critical Limb Ischemia),Bypass Surgery or Angioplasty,High,22,Yes,Senior (Vascular Surgeon),Available for limb-salvage cases,High risk of gangrene, amputation,Severe leg pain at rest, non-healing ulcer,Proceed with senior on urgent list,0,Accepted original schedule
31,33,Chronic Tympanic Membrane Perforation,Tympanoplasty,Low,180,No,Senior (Otologist),Limited surgical days,Recurrent ear infections, hearing loss,Wants to swim and improve hearing for new job,Audiologist recommends a younger surgeon who trained under the senior,140,Accepted expedited option
32,53,Pancreatic Cyst (High-risk features),Distal Pancreatectomy,High,15,Yes,Senior (Hepatopancreatobiliary Surgeon),Multidisciplinary tumor board review scheduled,Concern for malignancy,High anxiety due to family history of cancer,Undergo with senior after tumor board,0,Accepted original schedule
33,19,Scoliosis (Progressive, 50 degrees),Spinal Fusion Surgery,Low,300,No,Senior (Pediatric/Adult Spine Deformity Surgeon),Few specialists, long waitlist,Curve progression, potential lung function impact,Teenager, self-conscious, wants surgery before college,Referral to national specialty center, wait may still be long,200,Accepted transfer
34,58,Recurrent Incisional Hernia,Complex Hernia Repair,Medium,110,No,Senior (Hernia Specialist),Requires mesh, complex reconstruction,Strangulation risk, pain,Multiple failed repairs, desperate for solution,Consider a surgical team approach led by a mid-career expert,75,Accepted expedited option
35,42,Meniscus Tear (Bucket-handle),Arthroscopic Meniscectomy,Medium,40,No,Senior (Orthopedic Surgeon - Knee),Locked knee, cannot extend,Active parent, needs knee to function for childcare,Junior sports medicine surgeon can perform in 1 week,30,Accepted expedited option
36,69,Esophageal Cancer (Early Stage),Esophagectomy,High,60,No,Senior (Thoracic Surgeon),Requires ICU bed and specialized team,Progression,Stage fright, wants curative treatment ASAP,No safe junior alternative for this major surgery,0,Wait for expert
37,27,Pilonidal Cyst with Abscess,Pilonidal Cystectomy,Low,35,No,Senior (Colorectal/General Surgeon),Recurrent, infected, painful,Sitting pain, affecting office job,General surgery resident or junior staff can perform,25,Accepted expedited option
38,74,Cataract with Unstable Lens,Complex Cataract Surgery (with possible IOL suture),Medium,100,No,Senior (Cataract & Anterior Segment Specialist),Complex case requires expert,High risk of complications with standard surgery,Failing vision, risk of fall,Wait for the specialist's expertise,0,Wait for expert
39,36,Chronic Venous Insufficiency with Ulcer,Vein Ablation and Ulcer Debridement,Medium,55,No,Senior (Vascular Surgeon),Non-healing ulcer, risk of infection,Unable to work (stand), financial pressure,Vascular fellow under senior supervision can handle,35,Accepted expedited option
40,60,Basal Cell Carcinoma (Large, on face),Mohs Surgery,Medium,28,No,Senior (Mohs Surgeon/Dermatologic Surgeon),Cosmetically sensitive area, wants best outcome,Growth, cosmetic concern,Wants minimal scar for public-facing role,Wait for the Mohs expert,0,Wait for expert
41,51,Acoustic Neuroma (Small, growing),Stereotactic Radiosurgery (e.g., Gamma Knife),Medium,45,Yes,Senior (Radiation Oncologist/Neurosurgeon),Coordinating with neurosurgeon for planning,Hearing loss, tinnitus, imbalance,Wants to preserve hearing if possible,Proceed with combined senior team as planned,0,Accepted original schedule
42,31,Chronic Achilles Tendon Rupture,Achilles Tendon Repair,Medium,70,No,Senior (Foot and Ankle Orthopedic Surgeon),Delayed presentation, requires tendon graft,Weak push-off, cannot run or jump,Young, active, wants full recovery,Surgeon who recently joined from a top fellowship can take case,50,Accepted expedited option
43,77,Colon Cancer (Stage II),Colectomy,High,25,Yes,Senior (Colorectal Surgical Oncologist),Available after neoadjuvant therapy decision,Standard surgical risk, no high short-term progression,Wants tumor out to reduce anxiety,Proceed with senior as planned,0,Accepted original schedule
44,29,Gallbladder Polyps (>1cm),Laparoscopic Cholecystectomy,Medium,50,No,Senior (General Surgeon),Concern for potential malignancy but low risk,Low risk of cancer, but anxious,Anxious about cancer risk,Non-cancer polyp, junior surgeon can safely remove,35,Accepted expedited option
45,64,Severe Trigeminal Neuralgia,Microvascular Decompression (MVD),High,120,No,Senior (Skull Base Neurosurgeon),One of few who perform this, severe pain debilitating,Excruciating facial pain, cannot eat or talk properly,Wait for the subspecialist, no alternative,0,Wait for expert
46,40,Inguinal Hernia (Symptomatic),Laparoscopic Hernia Repair,Low,65,No,Senior (Hernia Specialist),Discomfort, risk of incarceration,Weightlifter, wants to return to gym,Junior surgeon proficient in laparoscopic repair available,40,Accepted expedited option
47,56,Rheumatoid Arthritis with Cervical Instability,Cervical Spine Fusion,High,90,No,Senior (Spine Neurosurgeon - Rheumatoid),Risk of spinal cord injury, neck pain, neurologic symptoms,Fear of paralysis from minor injury,Wait for surgeon with specific expertise in RA spine,0,Wait for expert
48,23,Chronic Patellar Dislocation,Medial Patellofemoral Ligament (MPFL) Reconstruction,Medium,80,No,Senior (Orthopedic Surgeon - Sports),Knee gives way frequently, limits activity,College athlete, hopes to play again,Surgeon with high sports volume at a sports medicine clinic,55,Accepted expedited option
49,66,Recurrent Diverticulitis with Abscess,Hartmann's Procedure or Resection,High,18,Yes,Senior (Colorectal Surgeon),Available for emergency/urgent cases,Sepsis, perforation,Multiple hospitalizations, wants definitive treatment,Proceed with senior on semi-urgent list,0,Accepted original schedule
50,48,Cholecystitis (Acute, resolved),Laparoscopic Cholecystectomy,Medium,30,No,Senior (General Surgeon),Risk of recurrent acute attack, which could be severe,Planning an extended overseas trip, wants peace of mind,Junior surgeon on elective list can schedule sooner,20,Accepted expedited option
51,71,Head and Neck Cancer (Larynx),Total Laryngectomy,High,55,No,Senior (Head and Neck Oncologic Surgeon),Requires speech therapist, stoma nurse coordination,Progression affecting breathing/swallowing,Wants voice preservation if possible, but cancer removal is priority,Complex, must wait for multidisciplinary senior team,0,Wait for expert
52,35,Plantar Fasciitis (Chronic, Ruptured),Plantar Fascia Release,Low,200,No,Senior (Foot and Ankle Orthopedic Surgeon),Severe heel pain, unable to stand for work,Manual laborer, off work without pay,Podi atrist or junior orthopedic surgeon can perform,150,Declined, seeking non-surgical options
53,59,Ovarian Cyst (Complex, large),Oophorectomy/Cystectomy,High,20,Yes,Senior (Gynecologic Oncologist),Available, awaiting final tumor markers,Concern for malignancy,Family history of ovarian cancer, high anxiety,Proceed with senior as scheduled,0,Accepted original schedule
54,42,Hypertrophic Cardiomyopathy,Septal Myectomy,High,180,No,Senior (Cardiac Surgeon - specialized),Only a few centers perform, risk of sudden cardiac death,Shortness of breath, syncope, fear of death,Referral to national specialty center, wait is long,120,Accepted transfer
55,28,Chronic Ankle Instability,Lateral Ankle Ligament Reconstruction,Low,95,No,Senior (Foot and Ankle Orthopedic Surgeon),Recurrent sprains, arthritis risk,Active, wants to return to sports,Surgeon at sports medicine institute with shorter wait,60,Accepted expedited option
56,63,Gastric Ulcer (Refractory, bleeding),Partial Gastrectomy,High,12,Yes,Senior (Upper GI Surgeon),Available for bleeding/urgent cases,Re-bleeding, anemia,History of hospitalization for bleeding, scared,Proceed urgently with senior,0,Accepted original schedule
57,46,Adhesive Small Bowel Obstruction,Lysis of Adhesions,Medium,8,Yes,Senior (General Surgeon),Acute on chronic, partial obstruction,Complete obstruction, bowel necrosis,Currently in hospital with NG tube, wants relief,Proceed as urgent inpatient case with available senior,0,Accepted original schedule
58,22,Pectus Excavatum (Severe),Nuss Procedure or Ravitch Procedure,Low,365,No,Senior (Thoracic Surgeon - Pectus),Cosmetic and possible cardiac compression,Teenager/young adult, severe self-esteem issues, long wait,Waitlist for the cosmetic/correction specialist, very long,0,Wait for expert
59,55,Recurrent Parotid Tumor,Parotidectomy,Medium,75,No,Senior (Head and Neck Surgeon),Risk to facial nerve, wants experienced hands,Facial nerve damage risk, recurrence,Concern about facial paralysis,Wait for surgeon with highest volume in parotid surgery,0,Wait for expert
60,38,Chronic Elbow Dislocation (Unreduced),Open Reduction and Ligament Repair,Medium,15,Yes,Senior (Orthopedic Elbow Specialist),Available for this acute-on-chronic issue,Joint damage, arthritis,Elbow locked in bent position, cannot use arm,Proceed with senior as semi-urgent,0,Accepted original schedule
61,67,Lung Cancer (Early Stage, peripheral),Lobectomy,High,40,No,Senior (Thoracic Surgeon - VATS/Robotic),Wants minimally invasive approach,Standard surgical risk, low short-term progression,Wants VATS for quicker recovery, but only senior does it,Wait for senior's VATS slot,0,Wait for expert
62,30,Chronic Wrist Ganglion,Ganglion Cyst Excision,Low,20,No,Senior (Hand Surgeon),Pain, weakness, occasionally ruptures,Works as a musician, cyst interferes with playing,Junior hand surgeon or orthopedic surgeon can excise,15,Accepted expedited option
63,58,Recurrent Pleural Effusion (Malignant),Pleurodesis or Catheter Placement,Medium,10,Yes,Senior (Interventional Pulmonologist/Thoracic Surgeon),Available for palliative procedure,Breathlessness, recurrence,Advanced cancer patient, wants relief for quality of life,Proceed with senior for palliative care,0,Accepted original schedule
64,44,Chronic Exertional Compartment Syndrome,Fasciotomy,Low,130,No,Senior (Orthopedic Surgeon - Sports),Leg pain with exercise, limits activity,Marathon runner, wants to race again,Sports medicine physician or junior surgeon can perform,90,Under consideration
65,73,Ischemic Cardiomyopathy (End-stage),Heart Transplant Evaluation & VAD placement,High,N/A (listed),No,Senior (Cardiac Transplant Surgeon),On transplant waiting list, not a scheduled surgery,Death without transplant or VAD,Severe heart failure, waiting for organ,Continuously listed, no junior alternative,N/A,On transplant list
66,32,Chronic Testicular Pain (Post-vasectomy),Vasectomy Reversal or Denervation,Low,160,No,Senior (Urologist - Male Fertility/Pain),Chronic pain affecting quality of life, life plans,Pain, regret, wants reversal for pain and possible more children,Specialist in male pain/fertility has long wait, consider pain management first,120,Seeking pain management first
67,61,Recurrent Basal Joint Arthritis (Thumb),Trapeziectomy with LRTI,Medium,85,No,Senior (Hand Surgeon - Arthritis),Thumb pain, weak pinch, affects daily tasks,Wants to continue gardening and crafts,Hand therapist recommends a surgeon who does many of these,55,Accepted expedited option
68,26,Chronic Iliotibial Band Syndrome,IT Band Release,Low,220,No,Senior (Orthopedic Surgeon - Sports),Runner's knee, not responsive to therapy,Long-distance runner, cannot train,Physiotherapist suggests it may not be surgical; seeking second opinion,150,Seeking second opinion
69,52,Recurrent Ventral Hernia (Large),Complex Ventral Hernia Repair with Component Separation,Medium,140,No,Senior (Hernia Specialist - Abdominal Wall),Multiple recurrences, bulge, discomfort,Affects core strength and appearance,Consider a multidisciplinary abdominal wall reconstruction team,95,Accepted expedited option
70,39,Chronic Salivary Gland Stones,Sialendoscopy or Gland Removal,Low,50,No,Senior (ENT - Salivary Gland),Painful swelling with meals,Annoying recurrent episodes, wants definitive fix,Junior ENT trained in sialendoscopy can perform,35,Accepted expedited option
71,68,Recurrent Clostridium Difficile Colitis,Fecal Microbiota Transplant (FMT),Medium,30,No,Senior (Gastroenterologist - FMT),Debilitating diarrhea, antibiotic failure,Quality of life severely impacted, frequent hospitalizations,Gastro fellow under supervision can perform colonoscopy for FMT,20,Accepted expedited option
72,45,Chronic Morton's Neuroma,Neurectomy,Low,60,No,Senior (Foot and Ankle Orthopedic Surgeon),Foot pain, feels like walking on a pebble,Active, wants to wear regular shoes again,Podi atrist or junior orthopedic surgeon can perform,40,Accepted expedited option
73,57,Recurrent Laryngeal Papillomatosis,Microdirect Laryngoscopy with Debulking,Medium,25,No,Senior (ENT - Laryngology),Hoarseness, risk of airway obstruction,Professional singer, voice is career,Wait for the laryngology voice specialist,0,Wait for expert
74,33,Chronic Exostosis (Surfer's Ear),Exostectomy,Low,90,No,Senior (Otologist),Recurrent ear infections, hearing loss due to blockage,Surfer, wants to continue sport and prevent infections,ENT surgeon at coastal clinic does many of these,60,Accepted expedited option
75,70,Recurrent Ischemic Strokes (due to PFO),Percutaneous PFO Closure,High,60,No,Senior (Interventional Cardiologist),History of cryptogenic strokes, fear of another,Younger mindset, wants to prevent another stroke,Wait for the interventional cardiology expert,0,Wait for expert
76,41,Chronic Cubital Tunnel Syndrome,Ulnar Nerve Transposition,Medium,110,No,Senior (Hand/Peripheral Nerve Surgeon),Numbness, weakness in hand, affects fine motor skills,Musician (pianist), needs hand function,Peripheral nerve fellow under supervision can perform,75,Under consideration
77,29,Chronic Patellofemoral Pain Syndrome,Arthroscopic Lateral Release/Chondroplasty,Low,180,No,Senior (Orthopedic Surgeon - Knee),Anterior knee pain, no structural tear found,Exhausted all non-surgical options, desperate,Sports medicine physician advises against surgery; case on hold,0,Case on hold, non-surgical
78,62,Recurrent Submandibular Gland Inflammation,Submandibular Gland Excision,Medium,40,No,Senior (Head and Neck Surgeon),Painful swelling, risk to marginal mandibular nerve,Recurrent infections, antibiotics no longer effective,Junior head and neck surgeon can perform with nerve monitoring,25,Accepted expedited option
79,48,Chronic Trochanteric Bursitis,Gluteal Tendon Repair/Bursectomy,Low,150,No,Senior (Hip Preservation Surgeon),Lateral hip pain, not responsive to injections,Affects sleep and exercise,Physiotherapist suggests it may be tendinopathy; reconsidering diagnosis,100,Seeking re-evaluation
80,36,Recurrent Corneal Erosions,Phototherapeutic Keratectomy (PTK),Low,70,No,Senior (Corneal Specialist),Painful recurrent episodes, often upon waking,Fear of sudden eye pain, especially when traveling,Corneal fellow under supervision can perform,45,Accepted expedited option
81,54,Chronic Peroneal Tendon Subluxation,Peroneal Tendon Stabilization,Medium,95,No,Senior (Foot and Ankle Orthopedic Surgeon),Ankle instability, tendon slips out of groove,Active hiker, ankle gives way on uneven terrain,Surgeon at a sports orthopedic center available sooner,60,Accepted expedited option
82,22,Chronic Synovitis of Wrist,Arthroscopic Wrist Synovectomy,Low,120,No,Senior (Hand Surgeon - Rheumatoid),Inflammatory arthritis, wrist swelling and pain,Young patient with autoimmune disease, wants to preserve function,Rheumatologist coordinating with a hand surgeon with arthritis interest,80,Under care of rheumatologist
83,59,Recurrent Achilles Tendinosis (Non-insertional),Debridement and Repair,Low,200,No,Senior (Foot and Ankle Orthopedic Surgeon),Chronic pain, not responsive to extensive rehab,Former runner, wants to be able to walk long distances again,Considering specialized non-surgical treatments first (e.g., PRP),0,Pursuing non-surgical options
84,43,Chronic Medial Epicondylitis (Golfer's Elbow),Medial Epicondyle Release,Low,85,No,Senior (Elbow Orthopedic Surgeon),Pain with gripping, not responsive to conservative care,Affects work (computer use) and tennis hobby,Occupational therapist suggests ergonomic changes first; surgery delayed,0,Delayed for conservative care
85,66,Recurrent Hemarthrosis (Knee),Arthroscopic Knee Synovectomy,Medium,35,No,Senior (Orthopedic Surgeon - Knee),Bleeding into joint, pain, swelling (e.g., on anticoagulants or hemophilia),On blood thinners, recurrent debilitating knee swelling,Hematologist coordinating with orthopedic surgeon for combined management,20,Coordinated care plan
86,31,Chronic Plantar Plate Tear,Plantar Plate Repair,Low,160,No,Senior (Foot and Ankle Orthopedic Surgeon),Toe deformity (cross-over toe), pain at ball of foot,Active, deformity worsening, wants to prevent hammer toe,Podi atrist suggests orthotics first; surgery considered last resort,100,Using orthotics, monitoring
87,50,Recurrent Baker's Cyst (Ruptured),Arthroscopic Knee Cyst Excision/Valve Repair,Low,110,No,Senior (Orthopedic Surgeon - Knee),Cyst recurs and ruptures, causing calf pain and swelling,Annoying recurrence, sometimes mimics blood clot,Address underlying knee arthritis first, cyst may resolve,0,Treating underlying arthritis
88,27,Chronic Os Trigonum Syndrome,Os Trigonum Excision,Low,75,No,Senior (Foot and Ankle Orthopedic Surgeon),Posterior ankle impingement pain, especially in dancers/athletes,Ballet dancer, pain en pointe,Surgeon familiar with dancers' injuries at a performing arts clinic,50,Accepted expedited option
89,58,Recurrent Olecranon Bursitis,Olecranon Bursectomy,Low,45,No,Senior (Elbow Orthopedic Surgeon),Swollen, sometimes infected elbow bursa,Recurrent episodes, sometimes requiring antibiotics,Simple procedure, general orthopedic surgeon or junior can perform,30,Accepted expedited option
90,39,Chronic De Quervain's Tenosynovitis,First Dorsal Compartment Release,Low,25,No,Senior (Hand Surgeon),Thumb/wrist pain with gripping, positive Finkelstein's test,New mother, pain from lifting baby (Mommy thumb),Hand therapist recommends injection first; surgery if fails,0,Trying injection first
91,63,Recurrent Bunion with Arthritis,Bunionectomy with 1st MTP Fusion,Medium,95,No,Senior (Foot and Ankle Orthopedic Surgeon - Arthritis),Severe bunion, arthritis, great toe pain,Difficulty finding shoes, wants to walk without pain,Surgeon who does many forefoot reconstructions available,60,Accepted expedited option
92,34,Chronic Sternoclavicular Joint Arthritis,SC Joint Excision/Resection,Low,180,No,Senior (Shoulder/Chest Wall Surgeon),Pain at the collar bone joint, clicking, limits overhead activity,Weightlifter, pain with bench press,Very rare surgery, only a few surgeons have experience,0,Wait for rare expert
93,47,Recurrent Ganglion Cyst (Dorsal Wrist),Excision (recurrent),Low,15,Yes,Senior (Hand Surgeon),Cyst recurred after previous surgery,Patient wants it gone but worried about another recurrence,Proceed with same senior who did first surgery,0,Accepted original schedule
94,71,Chronic Radial Tunnel Syndrome,Radial Tunnel Release,Low,130,No,Senior (Hand/Peripheral Nerve Surgeon),Lateral forearm pain, similar to tennis elbow but nerve-related,Exhausted conservative care, pain affects daily tasks,Peripheral nerve specialist has long wait; considering pain management,90,Seeking pain management consult
95,28,Chronic Anterior Ankle Impingement,Anterior Ankle Arthroscopy & Debridement,Low,65,No,Senior (Foot and Ankle Orthopedic Surgeon - Arthroscopy),Anterior ankle pain with dorsiflexion (e.g., soccer players),Soccer player, pain with kicking,Surgeon at sports medicine clinic familiar with soccer injuries,40,Accepted expedited option
96,55,Recurrent Ganglion Cyst (Flexor Tendon Sheath),Excision from palm/finger,Low,30,No,Senior (Hand Surgeon),Lump in palm, sometimes causes trigger finger,Annoying lump, sometimes catches,Simple excision, junior hand surgeon can perform,20,Accepted expedited option
97,62,Chronic Osteomyelitis (Toe),Toe Amputation or Bone Debridement,Medium,20,Yes,Senior (Orthopedic Foot Surgeon/ Podiatric Surgeon),Non-healing bone infection, risk of spread,Diabetic with non-healing ulcer, infected bone,Proceed with senior to control infection,0,Accepted original schedule
98,40,Chronic Suprascapular Nerve Entrapment,Suprascapular Nerve Decompression,Low,200,No,Senior (Shoulder Surgeon - Nerve),Deep shoulder pain, weakness (especially in overhead athletes),Volleyball player, weakness in spiking,Very specialized surgery; wait for shoulder nerve specialist,0,Wait for expert
99,53,Recurrent Dorsal Wrist Ganglion,Excision (2nd recurrence),Low,10,Yes,Senior (Hand Surgeon),Second recurrence, patient insists on senior this time,Patient lost faith after two recurrences with others,Proceed with most senior hand surgeon,0,Accepted original schedule
100,45,Chronic Pre-tibial Bursitis (Housemaid's Knee),Bursectomy,Low,50,No,Senior (Knee Orthopedic Surgeon),Swollen, painful bursa over kneecap,Recurrent from kneeling at work (e.g., flooring installer),Simple procedure, general orthopedic surgeon can schedule quickly,35,Accepted expedited option